"","Age","Gender","Department","Position","Education","MaritalStatus","Overtime","WorkingHours","JobTenure","Salary","SatisfactionLevel","EQ","IQ"
"1","32","Female","Executive Office","Chef Executive Manager","bachelor","Single","34","194","6","20000","77","119","84"
"2","44","Male","Executive Office","Employee","high school","Married","0","153","14","2730","54","122","113"
"3","38","Male","Executive Office","Employee","bachelor","Married","0","148","14","2680","50","134","99"
"4","47","Male","R&D","Executive Manager","bachelor","Single","26","186","5","8970","29","116","113"
"5","48","Male","R&D","Manager","master","Single","20","180","9","6000","28","104","110"
"6","42","Male","R&D","Manager","bachelor","Married","20","180","16","6000","19","116","107"
"7","31","Male","R&D","Manager","high school","Married","19","179","9","5970","16","111","107"
"8","34","Male","R&D","Manager","high school","Married","18","178","9","5940","7","89","111"
"9","34","Female","R&D","Manager","bachelor","Single","18","178","9","5940","81","138","99"
"10","40","Male","R&D","Manager","bachelor","Married","19","179","10","5970","3","106","120"
"11","50","Female","R&D","Manager","bachelor","Single","20","180","13","6000","29","106","105"
"12","41","Male","R&D","Manager","master","Married","19","179","2","5770","1","120","126"
"13","41","Female","R&D","Manager","master","Single","21","181","14","6030","24","103","108"
"14","35","Female","R&D","Manager","bachelor","Married","20","180","4","5800","13","110","111"
"15","49","Female","R&D","Manager","master","Single","19","179","2","5770","26","108","99"
"16","43","Female","R&D","Manager","high school","Married","20","180","3","5800","11","96","112"
"17","44","Female","R&D","Manager","high school","Married","20","180","1","5800","0","96","114"
"18","55","Male","R&D","Manager","high school","Married","20","180","25","6000","13","83","105"
"19","41","Female","R&D","Manager","bachelor","Married","20","180","16","6000","6","90","115"
"20","42","Female","R&D","Manager","high school","Married","20","180","16","6000","13","112","127"
"21","47","Female","R&D","Manager","master","Married","18","178","5","5740","16","112","122"
"22","50","Male","R&D","Manager","high school","Married","20","180","7","5800","10","112","125"
"23","51","Male","R&D","Manager","high school","Single","21","181","0","5830","28","103","101"
"24","44","Male","R&D","Manager","high school","Married","20","180","1","5800","12","100","109"
"25","40","Male","R&D","Manager","high school","Married","19","179","20","5970","11","105","121"
"26","48","Female","R&D","Manager","bachelor","Single","19","179","13","5970","24","110","110"
"27","47","Male","R&D","Manager","bachelor","Single","19","179","21","5970","26","102","101"
"28","38","Male","R&D","Manager","high school","Married","19","179","5","5770","14","93","101"
"29","48","Male","R&D","Manager","bachelor","Married","19","179","6","5770","9","106","117"
"30","44","Male","R&D","Manager","bachelor","Single","20","180","16","6000","24","110","120"
"31","49","Male","R&D","Manager","high school","Single","21","181","10","6030","21","129","125"
"32","55","Female","R&D","Manager","high school","Single","20","180","21","6000","28","98","93"
"33","47","Male","R&D","Manager","high school","Married","20","180","21","6000","14","103","115"
"34","37","Female","R&D","Manager","doctor","Single","18","178","5","5740","81","136","107"
"35","41","Male","R&D","Manager","doctor","Single","18","178","0","5740","29","112","103"
"36","49","Male","R&D","Manager","bachelor","Married","19","179","21","5970","6","92","107"
"37","34","Female","R&D","Manager","high school","Single","21","181","4","5830","79","117","80"
"38","42","Female","R&D","Manager","bachelor","Married","18","178","9","5940","7","109","111"
"39","44","Male","R&D","Manager","high school","Single","19","179","23","5970","24","97","90"
"40","46","Female","R&D","Manager","bachelor","Married","21","181","14","6030","18","106","106"
"41","33","Male","R&D","Manager","master","Single","18","178","7","5740","70","136","118"
"42","48","Female","R&D","Manager","high school","Married","18","178","13","5940","4","95","111"
"43","37","Male","R&D","Manager","master","Married","20","180","5","5800","17","108","113"
"44","45","Male","R&D","Employee","high school","Married","9","169","24","2935","12","108","117"
"45","51","Female","R&D","Employee","bachelor","Single","12","172","0","2780","20","105","113"
"46","44","Male","R&D","Employee","doctor","Married","9","169","13","2935","7","116","112"
"47","46","Female","R&D","Employee","high school","Married","7","167","23","2905","3","107","111"
"48","47","Male","R&D","Employee","bachelor","Single","8","168","1","2720","20","108","116"
"49","44","Male","R&D","Employee","master","Married","9","169","2","2735","18","116","109"
"50","32","Male","R&D","Employee","high school","Single","10","170","1","2750","82","134","108"
"51","38","Male","R&D","Employee","bachelor","Single","8","168","12","2920","80","111","81"
"52","40","Male","R&D","Employee","bachelor","Married","8","168","14","2920","14","92","103"
"53","44","Female","R&D","Employee","high school","Married","10","170","24","2950","1","101","105"
"54","44","Male","R&D","Employee","bachelor","Married","9","169","13","2935","6","107","119"
"55","43","Male","R&D","Employee","master","Married","10","170","3","2750","18","106","105"
"56","52","Male","R&D","Employee","high school","Single","10","170","0","2750","23","94","100"
"57","33","Male","R&D","Employee","master","Married","9","169","1","2735","1","110","108"
"58","41","Female","R&D","Employee","high school","Single","11","171","7","2765","26","109","113"
"59","43","Male","R&D","Employee","high school","Single","9","169","5","2735","24","94","94"
"60","48","Male","R&D","Employee","high school","Married","9","169","9","2935","9","124","134"
"61","51","Male","R&D","Employee","high school","Married","9","169","18","2935","16","107","111"
"62","31","Female","R&D","Employee","master","Single","11","171","3","2765","72","122","104"
"63","56","Female","R&D","Employee","high school","Married","11","171","33","2965","5","93","110"
"64","39","Male","R&D","Employee","bachelor","Single","10","170","15","2950","71","125","104"
"65","45","Male","R&D","Employee","master","Married","10","170","18","2950","7","113","112"
"66","33","Female","R&D","Employee","bachelor","Single","11","171","10","2965","70","111","88"
"67","39","Male","R&D","Employee","high school","Married","10","170","12","2950","14","101","108"
"68","48","Male","R&D","Employee","high school","Married","10","170","0","2750","14","104","108"
"69","34","Male","R&D","Employee","high school","Married","11","171","2","2765","9","101","110"
"70","48","Male","R&D","Employee","bachelor","Married","10","170","18","2950","0","83","108"
"71","49","Male","R&D","Employee","high school","Married","9","169","11","2935","13","96","110"
"72","49","Female","R&D","Employee","bachelor","Married","9","169","3","2735","11","105","115"
"73","47","Male","R&D","Employee","high school","Married","11","171","9","2965","6","102","110"
"74","39","Male","R&D","Employee","master","Single","9","169","1","2735","76","126","91"
"75","36","Male","R&D","Employee","high school","Single","9","169","3","2735","74","120","95"
"76","47","Male","R&D","Employee","bachelor","Single","8","168","20","2920","22","109","102"
"77","43","Male","R&D","Employee","high school","Married","11","171","22","2965","13","105","106"
"78","45","Male","R&D","Employee","master","Single","10","170","5","2750","23","106","111"
"79","47","Male","R&D","Employee","master","Married","10","170","18","2950","6","99","106"
"80","56","Male","R&D","Employee","high school","Married","10","170","19","2950","13","94","104"
"81","40","Female","R&D","Employee","doctor","Single","8","168","0","2720","80","133","102"
"82","46","Female","R&D","Employee","bachelor","Single","9","169","1","2735","23","107","94"
"83","40","Male","R&D","Employee","bachelor","Married","9","169","8","2935","2","91","113"
"84","54","Male","R&D","Employee","high school","Married","11","171","33","2965","2","90","109"
"85","59","Male","R&D","Employee","master","Single","8","168","6","2720","23","93","104"
"86","45","Male","R&D","Employee","doctor","Married","10","170","15","2950","12","92","109"
"87","50","Male","R&D","Employee","high school","Married","9","169","19","2935","4","95","109"
"88","40","Male","R&D","Employee","bachelor","Married","11","171","9","2965","0","70","94"
"89","37","Male","R&D","Employee","bachelor","Single","10","170","14","2950","78","99","70"
"90","48","Male","R&D","Employee","master","Married","9","169","2","2735","6","108","120"
"91","50","Male","R&D","Employee","master","Single","9","169","25","2935","20","116","108"
"92","41","Female","R&D","Employee","high school","Single","10","170","4","2750","27","106","101"
"93","47","Male","R&D","Employee","bachelor","Single","10","170","15","2950","25","116","110"
"94","46","Female","R&D","Employee","high school","Married","8","168","3","2720","9","110","109"
"95","43","Male","R&D","Employee","high school","Single","10","170","9","2950","29","106","107"
"96","47","Male","R&D","Employee","high school","Married","10","170","25","2950","8","101","112"
"97","46","Male","R&D","Employee","master","Married","8","168","2","2720","5","107","124"
"98","46","Male","R&D","Employee","bachelor","Married","9","169","8","2935","18","108","111"
"99","56","Female","R&D","Employee","high school","Married","9","169","25","2935","1","79","105"
"100","39","Male","R&D","Employee","high school","Married","8","168","6","2720","5","103","113"
"101","38","Female","R&D","Employee","doctor","Single","11","171","4","2765","82","125","91"
"102","53","Male","R&D","Employee","high school","Married","10","170","4","2750","2","100","116"
"103","53","Male","R&D","Employee","high school","Married","9","169","10","2935","9","92","112"
"104","40","Male","R&D","Employee","high school","Single","9","169","17","2935","76","135","98"
"105","47","Male","R&D","Employee","master","Single","11","171","8","2965","20","96","102"
"106","39","Female","R&D","Employee","high school","Single","11","171","19","2965","84","118","92"
"107","43","Male","R&D","Employee","bachelor","Married","11","171","19","2965","1","96","103"
"108","53","Male","R&D","Employee","high school","Married","11","171","33","2965","16","110","110"
"109","50","Male","R&D","Employee","high school","Married","9","169","19","2935","19","106","109"
"110","55","Male","R&D","Employee","doctor","Married","10","170","25","2950","16","107","107"
"111","43","Female","R&D","Employee","bachelor","Married","10","170","11","2950","10","84","100"
"112","53","Male","R&D","Employee","doctor","Married","8","168","22","2920","11","113","119"
"113","37","Male","R&D","Employee","high school","Married","10","170","1","2750","13","107","120"
"114","43","Male","R&D","Employee","high school","Married","9","169","8","2935","13","92","115"
"115","43","Female","R&D","Employee","master","Married","8","168","8","2920","13","82","99"
"116","55","Male","R&D","Employee","doctor","Married","12","172","5","2780","14","120","126"
"117","39","Male","R&D","Employee","high school","Married","11","171","4","2765","8","114","118"
"118","47","Male","R&D","Employee","high school","Single","10","170","16","2950","24","95","101"
"119","39","Female","R&D","Employee","high school","Single","9","169","4","2735","76","131","98"
"120","46","Male","R&D","Employee","master","Married","10","170","18","2950","0","107","119"
"121","39","Male","R&D","Employee","high school","Single","9","169","6","2735","73","150","115"
"122","27","Male","R&D","Employee","bachelor","Married","10","170","2","2750","1","97","111"
"123","44","Male","R&D","Employee","high school","Single","8","168","22","2920","22","121","122"
"124","47","Male","R&D","Employee","high school","Single","8","168","7","2720","23","99","104"
"125","45","Male","R&D","Employee","high school","Single","9","169","1","2735","27","97","94"
"126","49","Female","R&D","Employee","doctor","Married","8","168","19","2920","1","107","131"
"127","48","Male","R&D","Employee","master","Single","9","169","19","2935","26","132","125"
"128","48","Male","R&D","Employee","high school","Married","10","170","1","2750","0","112","128"
"129","45","Male","R&D","Employee","high school","Married","8","168","18","2920","8","78","97"
"130","53","Male","R&D","Employee","bachelor","Married","8","168","8","2920","1","90","106"
"131","54","Female","R&D","Employee","high school","Married","10","170","1","2750","18","96","105"
"132","42","Male","R&D","Employee","high school","Married","9","169","6","2735","5","105","119"
"133","50","Male","R&D","Employee","high school","Single","8","168","10","2920","22","111","102"
"134","36","Male","R&D","Employee","bachelor","Single","10","170","7","2750","80","130","102"
"135","43","Female","R&D","Employee","bachelor","Married","9","169","9","2935","16","108","102"
"136","36","Female","R&D","Employee","master","Single","9","169","11","2935","83","143","101"
"137","40","Male","R&D","Employee","master","Single","10","170","15","2950","70","132","112"
"138","47","Male","R&D","Employee","master","Married","10","170","7","2750","17","115","110"
"139","44","Male","R&D","Employee","bachelor","Married","8","168","6","2720","3","100","111"
"140","48","Male","R&D","Employee","high school","Married","12","172","23","2980","1","109","121"
"141","43","Male","R&D","Employee","bachelor","Married","9","169","3","2735","10","100","99"
"142","44","Male","R&D","Employee","high school","Married","9","169","5","2735","19","110","117"
"143","44","Female","R&D","Employee","bachelor","Married","10","170","4","2750","10","109","123"
"144","31","Male","R&D","Employee","high school","Single","10","170","3","2750","78","114","77"
"145","52","Female","R&D","Employee","high school","Single","8","168","0","2720","25","118","118"
"146","49","Male","R&D","Employee","master","Married","8","168","18","2920","18","106","114"
"147","47","Male","R&D","Employee","doctor","Married","10","170","13","2950","17","102","108"
"148","45","Male","R&D","Employee","high school","Married","7","167","15","2905","8","97","109"
"149","54","Male","R&D","Employee","bachelor","Single","9","169","6","2735","21","117","107"
"150","31","Male","R&D","Employee","high school","Married","11","171","11","2965","2","90","110"
"151","42","Male","R&D","Employee","bachelor","Married","9","169","17","2935","7","99","112"
"152","63","Male","R&D","Employee","high school","Single","10","170","11","2950","21","96","100"
"153","36","Male","R&D","Employee","high school","Married","10","170","13","2950","14","125","125"
"154","41","Male","R&D","Employee","high school","Married","9","169","15","2935","5","113","121"
"155","48","Male","R&D","Employee","bachelor","Single","10","170","0","2750","28","112","122"
"156","41","Female","R&D","Employee","high school","Single","8","168","3","2720","24","118","114"
"157","39","Female","R&D","Employee","bachelor","Single","10","170","7","2750","80","127","90"
"158","50","Male","R&D","Employee","bachelor","Married","9","169","7","2735","17","118","115"
"159","39","Male","R&D","Employee","bachelor","Single","9","169","0","2735","80","115","81"
"160","49","Male","R&D","Employee","doctor","Married","9","169","4","2735","4","91","102"
"161","41","Male","R&D","Employee","high school","Married","8","168","14","2920","2","94","107"
"162","32","Male","R&D","Employee","high school","Married","9","169","7","2735","18","114","113"
"163","40","Male","R&D","Employee","high school","Single","10","170","6","2750","82","130","98"
"164","37","Male","R&D","Employee","bachelor","Single","10","170","7","2750","80","127","98"
"165","36","Male","R&D","Employee","doctor","Single","8","168","4","2720","80","114","100"
"166","40","Male","R&D","Employee","bachelor","Single","9","169","5","2735","83","119","94"
"167","49","Male","R&D","Employee","master","Single","10","170","15","2950","27","128","117"
"168","42","Male","R&D","Employee","bachelor","Married","9","169","11","2935","15","111","124"
"169","47","Male","R&D","Employee","high school","Married","9","169","17","2935","6","108","120"
"170","51","Male","R&D","Employee","bachelor","Married","10","170","5","2750","15","115","113"
"171","49","Male","R&D","Employee","bachelor","Single","10","170","15","2950","29","96","100"
"172","45","Male","R&D","Employee","bachelor","Married","9","169","14","2935","4","100","118"
"173","49","Male","R&D","Employee","master","Single","9","169","0","2735","20","99","110"
"174","30","Male","R&D","Employee","bachelor","Single","8","168","7","2720","82","115","86"
"175","40","Female","R&D","Employee","high school","Married","10","170","20","2950","14","90","104"
"176","46","Male","R&D","Employee","high school","Married","9","169","12","2935","8","88","109"
"177","54","Male","R&D","Employee","high school","Married","9","169","10","2935","1","110","119"
"178","46","Male","R&D","Employee","high school","Married","11","171","5","2765","0","79","105"
"179","32","Male","R&D","Employee","bachelor","Single","10","170","1","2750","75","135","96"
"180","44","Female","R&D","Employee","bachelor","Married","9","169","9","2935","15","111","125"
"181","43","Female","R&D","Employee","bachelor","Married","9","169","13","2935","14","97","114"
"182","62","Male","R&D","Employee","master","Married","9","169","34","2935","15","112","116"
"183","30","Male","R&D","Employee","high school","Single","8","168","2","2720","78","128","102"
"184","37","Male","R&D","Employee","master","Single","9","169","6","2735","81","121","96"
"185","40","Male","R&D","Employee","high school","Single","10","170","13","2950","84","136","95"
"186","42","Male","R&D","Employee","high school","Married","10","170","18","2950","10","103","115"
"187","46","Male","R&D","Employee","high school","Single","9","169","17","2935","28","116","114"
"188","50","Male","R&D","Employee","high school","Single","10","170","24","2950","27","111","115"
"189","34","Male","R&D","Employee","doctor","Single","10","170","4","2750","77","131","102"
"190","50","Male","R&D","Employee","bachelor","Single","8","168","14","2920","20","131","126"
"191","44","Male","R&D","Employee","high school","Married","9","169","19","2935","1","99","107"
"192","30","Male","R&D","Employee","high school","Single","8","168","7","2720","81","149","107"
"193","50","Male","R&D","Employee","high school","Married","12","172","3","2780","3","108","121"
"194","41","Male","R&D","Employee","master","Married","9","169","6","2735","11","100","114"
"195","42","Female","R&D","Employee","high school","Single","9","169","5","2735","20","107","110"
"196","35","Male","R&D","Employee","high school","Married","9","169","9","2935","6","95","104"
"197","52","Male","R&D","Employee","bachelor","Married","8","168","16","2920","19","106","112"
"198","46","Male","R&D","Employee","bachelor","Single","10","170","21","2950","20","113","118"
"199","34","Male","R&D","Employee","master","Married","9","169","2","2735","18","101","105"
"200","43","Male","R&D","Employee","bachelor","Married","8","168","16","2920","1","112","116"
"201","49","Male","R&D","Employee","high school","Single","9","169","20","2935","21","112","116"
"202","47","Male","R&D","Employee","bachelor","Married","10","170","13","2950","7","111","124"
"203","45","Female","R&D","Employee","doctor","Married","10","170","16","2950","5","97","103"
"204","56","Female","IT","Executive Manager","high school","Married","27","187","10","9215","3","88","103"
"205","63","Male","IT","Manager","high school","Married","19","179","21","5970","6","103","107"
"206","37","Male","IT","Manager","master","Single","19","179","10","5970","79","135","96"
"207","51","Female","IT","Manager","high school","Married","19","179","30","5970","9","110","119"
"208","49","Male","IT","Manager","bachelor","Married","20","180","17","6000","19","94","96"
"209","58","Male","IT","Manager","high school","Married","18","178","7","5740","12","113","116"
"210","27","Male","IT","Manager","bachelor","Married","20","180","2","5800","0","116","127"
"211","50","Male","IT","Manager","bachelor","Married","19","179","3","5770","9","107","112"
"212","45","Male","IT","Manager","master","Married","19","179","14","5970","8","101","108"
"213","40","Male","IT","Manager","high school","Single","20","180","1","5800","71","141","102"
"214","56","Male","IT","Manager","high school","Married","17","177","36","5910","18","105","113"
"215","43","Male","IT","Manager","bachelor","Married","19","179","13","5970","4","123","133"
"216","40","Male","IT","Manager","master","Single","19","179","8","5970","76","125","87"
"217","41","Male","IT","Manager","bachelor","Married","21","181","1","5830","12","110","102"
"218","47","Female","IT","Manager","bachelor","Single","21","181","3","5830","28","110","104"
"219","49","Female","IT","Manager","master","Single","21","181","19","6030","24","94","102"
"220","50","Male","IT","Manager","high school","Married","21","181","7","5830","18","108","100"
"221","61","Male","IT","Manager","high school","Married","19","179","13","5970","10","101","111"
"222","53","Male","IT","Manager","bachelor","Married","20","180","6","5800","8","94","104"
"223","44","Male","IT","Manager","bachelor","Married","19","179","10","5970","19","100","108"
"224","41","Male","IT","Manager","bachelor","Single","20","180","9","6000","21","119","116"
"225","55","Male","IT","Manager","high school","Married","19","179","20","5970","10","114","112"
"226","38","Male","IT","Manager","bachelor","Single","21","181","5","5830","73","116","82"
"227","58","Male","IT","Manager","high school","Single","18","178","38","5940","23","99","97"
"228","51","Male","IT","Manager","high school","Married","19","179","21","5970","5","107","121"
"229","45","Male","IT","Manager","doctor","Married","20","180","13","6000","16","84","97"
"230","53","Male","IT","Manager","high school","Married","18","178","23","5940","16","105","106"
"231","46","Male","IT","Manager","bachelor","Single","21","181","1","5830","28","95","96"
"232","42","Female","IT","Manager","master","Single","18","178","16","5940","29","88","89"
"233","52","Male","IT","Manager","high school","Married","20","180","29","6000","15","105","100"
"234","49","Male","IT","Manager","bachelor","Single","21","181","20","6030","27","114","112"
"235","47","Female","IT","Manager","high school","Single","20","180","26","6000","20","127","130"
"236","39","Male","IT","Manager","master","Single","19","179","9","5970","83","132","97"
"237","44","Male","IT","Manager","bachelor","Married","19","179","17","5970","2","88","110"
"238","47","Female","IT","Manager","high school","Married","20","180","11","6000","1","101","112"
"239","32","Male","IT","Manager","bachelor","Married","18","178","5","5740","13","101","115"
"240","55","Female","IT","Manager","high school","Married","20","180","20","6000","19","112","121"
"241","44","Male","IT","Manager","high school","Married","22","182","20","6060","11","104","104"
"242","50","Male","IT","Manager","high school","Married","18","178","1","5740","11","108","112"
"243","48","Female","IT","Manager","bachelor","Married","19","179","7","5770","8","81","94"
"244","49","Male","IT","Employee","doctor","Single","10","170","5","2750","29","114","100"
"245","40","Female","IT","Employee","bachelor","Single","11","171","5","2765","77","150","106"
"246","44","Male","IT","Employee","doctor","Married","8","168","2","2720","10","121","124"
"247","55","Female","IT","Employee","bachelor","Married","10","170","24","2950","12","94","95"
"248","49","Male","IT","Employee","high school","Single","10","170","3","2750","21","108","109"
"249","36","Male","IT","Employee","master","Married","10","170","9","2950","5","116","127"
"250","47","Female","IT","Employee","high school","Single","11","171","19","2965","24","99","109"
"251","47","Male","IT","Employee","high school","Single","9","169","2","2735","29","116","115"
"252","40","Male","IT","Employee","bachelor","Single","8","168","12","2920","83","121","82"
"253","54","Male","IT","Employee","high school","Married","8","168","25","2920","4","100","115"
"254","55","Male","IT","Employee","high school","Married","10","170","21","2950","14","97","104"
"255","52","Female","IT","Employee","high school","Married","10","170","32","2950","10","112","118"
"256","29","Male","IT","Employee","bachelor","Married","8","168","4","2720","7","99","116"
"257","56","Male","IT","Employee","high school","Single","8","168","28","2920","27","102","115"
"258","41","Male","IT","Employee","high school","Married","9","169","17","2935","12","99","101"
"259","38","Male","IT","Employee","bachelor","Married","9","169","7","2735","4","76","83"
"260","38","Male","IT","Employee","bachelor","Married","9","169","7","2735","5","88","102"
"261","49","Female","IT","Employee","high school","Married","9","169","19","2935","18","109","113"
"262","50","Male","IT","Employee","master","Married","11","171","18","2965","5","87","102"
"263","45","Male","IT","Employee","high school","Single","9","169","0","2735","28","111","105"
"264","49","Female","IT","Employee","bachelor","Married","10","170","25","2950","12","118","118"
"265","52","Male","IT","Employee","high school","Single","10","170","30","2950","21","116","110"
"266","33","Female","IT","Employee","high school","Married","7","167","13","2905","15","109","116"
"267","41","Male","IT","Employee","bachelor","Married","9","169","10","2935","5","98","103"
"268","42","Male","IT","Employee","master","Single","10","170","11","2950","24","111","107"
"269","39","Male","IT","Employee","high school","Single","9","169","17","2935","74","114","88"
"270","48","Male","IT","Employee","bachelor","Married","11","171","13","2965","14","104","110"
"271","39","Female","IT","Employee","bachelor","Single","10","170","9","2950","74","129","101"
"272","46","Male","IT","Employee","high school","Married","11","171","6","2765","19","105","118"
"273","40","Male","IT","Employee","doctor","Single","8","168","3","2720","84","136","108"
"274","54","Male","IT","Employee","high school","Married","10","170","12","2950","9","96","96"
"275","41","Male","IT","Employee","master","Single","9","169","6","2735","26","112","112"
"276","43","Male","IT","Employee","bachelor","Married","10","170","9","2950","8","106","122"
"277","52","Male","IT","Employee","doctor","Married","11","171","20","2965","7","100","121"
"278","36","Female","IT","Employee","master","Single","7","167","11","2905","95","143","103"
"279","56","Female","IT","Employee","high school","Single","10","170","17","2950","26","116","119"
"280","34","Male","IT","Employee","high school","Married","9","169","1","2735","10","98","110"
"281","31","Male","IT","Employee","bachelor","Single","8","168","7","2720","70","122","89"
"282","50","Male","IT","Employee","bachelor","Single","9","169","0","2735","26","108","102"
"283","44","Male","IT","Employee","bachelor","Married","10","170","11","2950","10","109","110"
"284","40","Male","IT","Employee","master","Single","10","170","2","2750","74","138","106"
"285","53","Male","IT","Employee","high school","Married","11","171","4","2765","0","111","122"
"286","38","Male","IT","Employee","bachelor","Single","11","171","12","2965","72","134","107"
"287","55","Male","IT","Employee","bachelor","Married","10","170","26","2950","6","104","125"
"288","37","Male","IT","Employee","bachelor","Single","9","169","12","2935","84","125","87"
"289","50","Male","IT","Employee","bachelor","Married","9","169","15","2935","1","106","121"
"290","55","Female","IT","Employee","high school","Married","9","169","28","2935","9","122","128"
"291","38","Male","IT","Employee","high school","Married","10","170","17","2950","13","108","116"
"292","49","Male","IT","Employee","high school","Married","11","171","3","2765","3","92","104"
"293","57","Male","IT","Employee","high school","Single","8","168","4","2720","25","99","100"
"294","34","Male","IT","Employee","bachelor","Married","11","171","8","2965","19","109","110"
"295","42","Male","IT","Employee","high school","Single","8","168","4","2720","20","108","117"
"296","50","Male","IT","Employee","master","Married","9","169","10","2935","4","117","122"
"297","41","Male","IT","Employee","high school","Single","9","169","13","2935","20","101","111"
"298","41","Female","IT","Employee","high school","Married","10","170","3","2750","18","110","113"
"299","40","Male","IT","Employee","high school","Married","9","169","3","2735","4","99","109"
"300","48","Male","IT","Employee","high school","Single","8","168","25","2920","25","98","108"
"301","44","Female","IT","Employee","bachelor","Single","9","169","18","2935","21","114","124"
"302","45","Female","IT","Employee","high school","Married","9","169","25","2935","18","98","107"
"303","53","Female","IT","Employee","bachelor","Married","9","169","10","2935","6","105","118"
"304","45","Male","IT","Employee","high school","Married","8","168","25","2920","5","110","118"
"305","46","Male","IT","Employee","high school","Married","10","170","23","2950","10","106","113"
"306","49","Female","IT","Employee","high school","Single","10","170","29","2950","27","117","119"
"307","38","Male","IT","Employee","bachelor","Married","10","170","5","2750","1","114","120"
"308","35","Male","IT","Employee","high school","Married","10","170","6","2750","3","114","126"
"309","54","Male","IT","Employee","high school","Single","10","170","25","2950","25","104","103"
"310","45","Male","IT","Employee","high school","Married","8","168","19","2920","9","96","118"
"311","54","Male","IT","Employee","high school","Married","10","170","23","2950","0","113","116"
"312","42","Male","IT","Employee","bachelor","Married","9","169","6","2735","3","86","105"
"313","54","Female","IT","Employee","high school","Married","10","170","30","2950","16","115","115"
"314","40","Female","IT","Employee","bachelor","Single","9","169","12","2935","77","127","93"
"315","37","Male","IT","Employee","bachelor","Married","10","170","8","2950","15","96","103"
"316","39","Male","IT","Employee","bachelor","Married","11","171","7","2765","7","116","125"
"317","44","Male","IT","Employee","high school","Married","9","169","13","2935","15","103","107"
"318","37","Female","IT","Employee","high school","Married","10","170","14","2950","10","90","98"
"319","37","Male","IT","Employee","bachelor","Married","10","170","13","2950","1","111","111"
"320","39","Male","IT","Employee","master","Single","10","170","6","2750","83","130","103"
"321","34","Female","IT","Employee","doctor","Married","10","170","1","2750","0","110","126"
"322","45","Male","IT","Employee","high school","Married","9","169","23","2935","8","99","107"
"323","41","Male","IT","Employee","master","Single","10","170","7","2750","20","122","120"
"324","47","Female","IT","Employee","master","Married","10","170","21","2950","4","99","118"
"325","48","Male","IT","Employee","high school","Married","8","168","8","2920","16","92","102"
"326","49","Male","IT","Employee","high school","Married","10","170","24","2950","2","92","110"
"327","43","Male","IT","Employee","high school","Single","10","170","9","2950","27","115","116"
"328","45","Male","IT","Employee","bachelor","Married","10","170","8","2950","14","111","113"
"329","52","Male","IT","Employee","high school","Married","11","171","7","2765","9","104","124"
"330","48","Female","IT","Employee","high school","Married","10","170","5","2750","0","109","127"
"331","39","Male","IT","Employee","bachelor","Married","8","168","11","2920","19","111","107"
"332","35","Male","IT","Employee","bachelor","Single","10","170","3","2750","73","128","96"
"333","46","Male","IT","Employee","master","Married","9","169","9","2935","1","104","110"
"334","39","Male","IT","Employee","high school","Married","9","169","5","2735","17","110","120"
"335","35","Male","IT","Employee","high school","Married","9","169","9","2935","18","95","106"
"336","46","Male","IT","Employee","bachelor","Married","10","170","10","2950","16","98","107"
"337","45","Male","IT","Employee","high school","Married","10","170","21","2950","6","98","100"
"338","39","Male","IT","Employee","master","Married","10","170","9","2950","0","97","107"
"339","44","Male","IT","Employee","master","Married","10","170","19","2950","3","112","118"
"340","42","Male","IT","Employee","master","Married","9","169","3","2735","12","104","117"
"341","48","Male","IT","Employee","bachelor","Single","11","171","9","2965","20","129","122"
"342","51","Male","IT","Employee","high school","Married","10","170","1","2750","2","103","111"
"343","38","Female","IT","Employee","high school","Married","10","170","6","2750","12","104","113"
"344","29","Male","IT","Employee","bachelor","Single","9","169","2","2735","72","113","83"
"345","26","Male","IT","Employee","high school","Single","9","169","6","2735","82","136","104"
"346","35","Female","IT","Employee","bachelor","Married","11","171","11","2965","17","99","107"
"347","42","Male","IT","Employee","bachelor","Married","9","169","5","2735","11","96","111"
"348","51","Female","IT","Employee","high school","Married","10","170","16","2950","10","96","106"
"349","49","Male","IT","Employee","high school","Single","10","170","16","2950","25","109","109"
"350","55","Male","IT","Employee","bachelor","Single","9","169","20","2935","23","96","103"
"351","38","Female","IT","Employee","doctor","Single","9","169","2","2735","70","141","100"
"352","40","Male","IT","Employee","master","Married","9","169","5","2735","3","99","108"
"353","49","Male","IT","Employee","bachelor","Single","10","170","16","2950","26","117","115"
"354","49","Male","IT","Employee","master","Married","9","169","17","2935","10","109","106"
"355","40","Male","IT","Employee","bachelor","Single","9","169","7","2735","78","140","99"
"356","42","Female","IT","Employee","doctor","Single","10","170","11","2950","24","121","117"
"357","35","Male","IT","Employee","bachelor","Single","10","170","12","2950","80","105","87"
"358","42","Male","IT","Employee","high school","Single","9","169","16","2935","20","101","103"
"359","40","Female","IT","Employee","high school","Married","10","170","1","2750","10","74","94"
"360","38","Male","IT","Employee","bachelor","Single","10","170","10","2950","70","132","95"
"361","28","Male","IT","Employee","bachelor","Single","10","170","1","2750","79","125","97"
"362","50","Male","IT","Employee","high school","Single","9","169","11","2935","23","123","115"
"363","35","Male","IT","Employee","bachelor","Married","10","170","0","2750","4","99","117"
"364","45","Male","IT","Employee","high school","Married","8","168","0","2720","3","112","129"
"365","40","Female","IT","Employee","bachelor","Single","10","170","10","2950","81","128","103"
"366","36","Male","IT","Employee","high school","Married","10","170","4","2750","1","95","114"
"367","53","Male","IT","Employee","high school","Single","10","170","29","2950","26","127","125"
"368","34","Male","IT","Employee","master","Married","10","170","6","2750","17","123","123"
"369","39","Male","IT","Employee","high school","Single","10","170","17","2950","76","129","97"
"370","54","Male","IT","Employee","high school","Married","8","168","19","2920","12","121","124"
"371","35","Male","IT","Employee","bachelor","Single","10","170","8","2950","79","128","99"
"372","63","Female","IT","Employee","high school","Married","9","169","9","2935","19","111","121"
"373","49","Male","IT","Employee","bachelor","Married","10","170","21","2950","2","111","108"
"374","47","Female","IT","Employee","high school","Single","10","170","16","2950","20","102","104"
"375","46","Male","IT","Employee","high school","Married","9","169","4","2735","11","116","119"
"376","48","Female","IT","Employee","bachelor","Married","10","170","6","2750","17","117","106"
"377","54","Male","IT","Employee","high school","Married","9","169","30","2935","15","104","114"
"378","50","Male","IT","Employee","high school","Married","10","170","13","2950","14","103","106"
"379","45","Male","IT","Employee","master","Married","9","169","5","2735","12","121","119"
"380","46","Male","IT","Employee","bachelor","Single","9","169","21","2935","25","104","104"
"381","56","Male","IT","Employee","master","Single","9","169","5","2735","27","115","111"
"382","60","Female","IT","Employee","high school","Married","10","170","14","2950","0","118","125"
"383","63","Male","IT","Employee","high school","Single","9","169","10","2935","24","106","108"
"384","54","Male","IT","Employee","bachelor","Married","10","170","27","2950","0","99","107"
"385","63","Male","IT","Employee","master","Single","9","169","20","2935","22","118","113"
"386","49","Male","IT","Employee","high school","Single","10","170","26","2950","22","131","114"
"387","48","Male","IT","Employee","master","Single","8","168","6","2720","21","101","109"
"388","40","Female","IT","Employee","bachelor","Single","10","170","15","2950","77","117","95"
"389","47","Female","IT","Employee","high school","Married","11","171","5","2765","2","95","121"
"390","37","Female","IT","Employee","master","Single","11","171","11","2965","76","123","91"
"391","49","Male","IT","Employee","high school","Single","10","170","21","2950","24","109","113"
"392","33","Male","IT","Employee","bachelor","Single","9","169","10","2935","77","131","104"
"393","38","Male","IT","Employee","bachelor","Married","10","170","3","2750","8","98","112"
"394","43","Male","IT","Employee","master","Single","9","169","3","2735","28","103","112"
"395","47","Female","IT","Employee","bachelor","Married","8","168","22","2920","18","104","115"
"396","42","Male","IT","Employee","high school","Married","9","169","21","2935","5","94","108"
"397","52","Male","IT","Employee","doctor","Married","10","170","0","2750","8","101","113"
"398","45","Female","IT","Employee","high school","Married","9","169","25","2935","13","97","105"
"399","66","Male","IT","Employee","high school","Married","9","169","25","2935","6","112","109"
"400","56","Male","IT","Employee","high school","Married","10","170","25","2950","6","110","116"
"401","49","Male","IT","Employee","master","Single","10","170","8","2950","26","102","101"
"402","32","Female","IT","Employee","doctor","Married","10","170","0","2750","11","105","106"
"403","33","Male","IT","Employee","high school","Single","8","168","9","2920","70","131","114"
"404","35","Female","Marketing","Executive Manager","bachelor","Single","26","186","7","8970","78","132","100"
"405","51","Male","Marketing","Manager","master","Married","19","179","24","5970","15","101","103"
"406","42","Male","Marketing","Manager","bachelor","Married","21","181","2","5830","19","118","110"
"407","31","Female","Marketing","Manager","high school","Married","22","182","0","5860","13","110","104"
"408","50","Male","Marketing","Manager","high school","Married","20","180","18","6000","2","103","124"
"409","49","Female","Marketing","Manager","doctor","Married","20","180","15","6000","15","101","103"
"410","38","Male","Marketing","Manager","bachelor","Married","19","179","1","5770","1","97","112"
"411","51","Male","Marketing","Manager","bachelor","Single","19","179","20","5970","20","97","106"
"412","45","Male","Marketing","Manager","high school","Married","20","180","14","6000","7","101","116"
"413","36","Female","Marketing","Manager","master","Married","19","179","7","5770","7","105","114"
"414","50","Female","Marketing","Manager","high school","Single","19","179","25","5970","28","115","109"
"415","41","Female","Marketing","Manager","bachelor","Married","20","180","18","6000","12","78","88"
"416","39","Female","Marketing","Manager","doctor","Married","19","179","1","5770","14","99","113"
"417","45","Female","Marketing","Manager","high school","Married","19","179","23","5970","16","116","121"
"418","39","Male","Marketing","Manager","high school","Single","18","178","16","5940","81","140","94"
"419","44","Male","Marketing","Manager","high school","Married","21","181","7","5830","8","114","108"
"420","35","Female","Marketing","Manager","high school","Single","21","181","7","5830","76","129","97"
"421","40","Female","Marketing","Manager","high school","Single","19","179","2","5770","76","127","106"
"422","30","Male","Marketing","Manager","master","Married","20","180","3","5800","12","114","110"
"423","40","Female","Marketing","Manager","master","Married","20","180","9","6000","0","95","107"
"424","40","Female","Marketing","Manager","bachelor","Single","21","181","15","6030","82","129","99"
"425","50","Female","Marketing","Manager","master","Married","20","180","19","6000","11","97","117"
"426","48","Female","Marketing","Manager","master","Married","21","181","12","6030","15","117","122"
"427","42","Male","Marketing","Manager","bachelor","Married","19","179","4","5770","2","96","111"
"428","44","Female","Marketing","Manager","high school","Married","20","180","20","6000","19","100","109"
"429","49","Male","Marketing","Manager","bachelor","Married","19","179","1","5770","15","125","116"
"430","49","Male","Marketing","Manager","bachelor","Married","20","180","7","5800","17","113","111"
"431","44","Female","Marketing","Manager","high school","Single","18","178","2","5740","29","95","96"
"432","37","Female","Marketing","Manager","doctor","Single","18","178","4","5740","73","127","101"
"433","45","Female","Marketing","Manager","bachelor","Married","21","181","21","6030","18","113","112"
"434","42","Female","Marketing","Employee","bachelor","Single","10","170","14","2950","25","120","126"
"435","43","Male","Marketing","Employee","high school","Married","11","171","18","2965","19","91","100"
"436","51","Female","Marketing","Employee","high school","Married","9","169","27","2935","17","106","107"
"437","43","Female","Marketing","Employee","bachelor","Married","12","172","13","2980","13","103","116"
"438","43","Female","Marketing","Employee","bachelor","Married","10","170","1","2750","3","108","123"
"439","48","Female","Marketing","Employee","doctor","Married","9","169","4","2735","4","118","133"
"440","42","Female","Marketing","Employee","high school","Married","9","169","17","2935","11","113","123"
"441","45","Female","Marketing","Employee","doctor","Married","11","171","5","2765","16","118","111"
"442","45","Male","Marketing","Employee","master","Married","9","169","16","2935","17","104","111"
"443","37","Female","Marketing","Employee","master","Married","11","171","2","2765","0","97","109"
"444","42","Female","Marketing","Employee","high school","Married","11","171","8","2965","4","96","117"
"445","42","Male","Marketing","Employee","bachelor","Married","11","171","0","2765","2","87","102"
"446","40","Female","Marketing","Employee","doctor","Married","10","170","3","2750","15","93","99"
"447","49","Female","Marketing","Employee","master","Single","11","171","23","2965","20","121","121"
"448","33","Female","Marketing","Employee","high school","Married","10","170","0","2750","14","117","120"
"449","46","Female","Marketing","Employee","high school","Married","9","169","14","2935","14","101","107"
"450","41","Female","Marketing","Employee","bachelor","Married","10","170","5","2750","1","103","120"
"451","48","Female","Marketing","Employee","master","Single","10","170","6","2750","24","105","105"
"452","47","Male","Marketing","Employee","master","Married","10","170","0","2750","13","104","93"
"453","43","Female","Marketing","Employee","master","Married","10","170","16","2950","11","92","113"
"454","48","Male","Marketing","Employee","high school","Married","9","169","8","2935","5","101","118"
"455","37","Male","Marketing","Employee","bachelor","Single","9","169","1","2735","75","122","97"
"456","49","Female","Marketing","Employee","bachelor","Married","9","169","13","2935","19","95","112"
"457","51","Male","Marketing","Employee","doctor","Married","11","171","17","2965","15","103","112"
"458","56","Female","Marketing","Employee","bachelor","Married","12","172","1","2780","3","101","121"
"459","34","Female","Marketing","Employee","bachelor","Married","8","168","6","2720","9","102","109"
"460","42","Female","Marketing","Employee","high school","Married","8","168","4","2720","5","101","115"
"461","49","Male","Marketing","Employee","high school","Married","10","170","20","2950","3","118","114"
"462","42","Female","Marketing","Employee","master","Single","8","168","17","2920","20","116","114"
"463","50","Male","Marketing","Employee","bachelor","Married","8","168","21","2920","8","95","106"
"464","55","Female","Marketing","Employee","doctor","Married","8","168","10","2920","9","118","120"
"465","43","Female","Marketing","Employee","doctor","Married","11","171","8","2965","18","114","120"
"466","39","Male","Marketing","Employee","bachelor","Married","10","170","16","2950","14","110","106"
"467","38","Female","Marketing","Employee","master","Single","10","170","3","2750","79","135","100"
"468","46","Male","Marketing","Employee","bachelor","Married","11","171","17","2965","16","85","104"
"469","43","Male","Marketing","Employee","master","Married","9","169","0","2735","14","105","108"
"470","36","Female","Marketing","Employee","bachelor","Married","7","167","11","2905","17","124","126"
"471","56","Male","Marketing","Employee","doctor","Married","9","169","18","2935","5","88","105"
"472","49","Female","Marketing","Employee","master","Married","10","170","19","2950","15","110","112"
"473","53","Male","Marketing","Employee","high school","Single","11","171","2","2765","21","126","118"
"474","48","Male","Marketing","Employee","high school","Single","8","168","2","2720","22","110","116"
"475","39","Male","Marketing","Employee","bachelor","Single","9","169","6","2735","83","129","93"
"476","45","Female","Marketing","Employee","master","Married","9","169","7","2735","12","88","102"
"477","46","Male","Marketing","Employee","master","Single","9","169","16","2935","27","108","103"
"478","33","Male","Marketing","Employee","bachelor","Married","10","170","7","2750","9","115","119"
"479","54","Female","Marketing","Employee","bachelor","Single","10","170","1","2750","22","107","110"
"480","57","Male","Marketing","Employee","high school","Single","9","169","5","2735","23","133","119"
"481","40","Female","Marketing","Employee","bachelor","Married","11","171","9","2965","5","95","108"
"482","56","Female","Marketing","Employee","high school","Married","9","169","8","2935","15","113","115"
"483","49","Male","Marketing","Employee","doctor","Married","9","169","0","2735","6","95","104"
"484","50","Female","Marketing","Employee","bachelor","Married","10","170","2","2750","2","100","119"
"485","41","Male","Marketing","Employee","master","Married","9","169","10","2935","2","97","111"
"486","41","Female","Marketing","Employee","master","Married","9","169","1","2735","12","109","118"
"487","44","Female","Marketing","Employee","high school","Married","10","170","24","2950","3","102","112"
"488","57","Female","Marketing","Employee","high school","Married","10","170","31","2950","0","101","107"
"489","53","Female","Marketing","Employee","doctor","Married","12","172","6","2780","15","123","127"
"490","49","Female","Marketing","Employee","high school","Married","9","169","27","2935","0","92","115"
"491","53","Female","Marketing","Employee","master","Married","9","169","28","2935","0","108","117"
"492","48","Female","Marketing","Employee","bachelor","Single","10","170","1","2750","26","114","114"
"493","43","Female","Marketing","Employee","high school","Single","7","167","20","2905","86","133","102"
"494","47","Female","Marketing","Employee","high school","Single","11","171","16","2965","21","100","114"
"495","35","Male","Marketing","Employee","bachelor","Married","9","169","11","2935","7","105","124"
"496","45","Female","Marketing","Employee","high school","Single","9","169","1","2735","20","108","119"
"497","41","Male","Marketing","Employee","bachelor","Married","9","169","7","2735","2","96","110"
"498","41","Female","Marketing","Employee","bachelor","Single","9","169","6","2735","22","112","117"
"499","44","Female","Marketing","Employee","high school","Married","11","171","19","2965","2","105","121"
"500","41","Male","Marketing","Employee","bachelor","Single","9","169","15","2935","27","108","96"
"501","41","Female","Marketing","Employee","high school","Single","11","171","11","2965","23","112","108"
"502","43","Male","Marketing","Employee","high school","Married","12","172","2","2780","9","100","101"
"503","62","Female","Marketing","Employee","high school","Single","10","170","7","2750","24","111","105"
"504","45","Male","Marketing","Employee","high school","Married","10","170","18","2950","17","99","113"
"505","54","Female","Marketing","Employee","high school","Married","9","169","23","2935","1","101","109"
"506","48","Male","Marketing","Employee","high school","Married","10","170","6","2750","2","91","108"
"507","42","Male","Marketing","Employee","bachelor","Single","7","167","18","2905","100","126","90"
"508","51","Female","Marketing","Employee","doctor","Single","10","170","4","2750","24","108","112"
"509","44","Female","Marketing","Employee","high school","Married","10","170","1","2750","18","123","124"
"510","37","Male","Marketing","Employee","bachelor","Married","10","170","4","2750","10","115","126"
"511","43","Female","Marketing","Employee","high school","Married","9","169","12","2935","15","102","111"
"512","39","Female","Marketing","Employee","high school","Single","9","169","14","2935","80","125","98"
"513","53","Female","Marketing","Employee","high school","Single","10","170","17","2950","23","90","92"
"514","50","Male","Marketing","Employee","bachelor","Married","9","169","20","2935","17","95","106"
"515","44","Female","Marketing","Employee","high school","Married","9","169","17","2935","14","96","109"
"516","32","Female","Marketing","Employee","master","Married","10","170","3","2750","18","114","119"
"517","43","Female","Marketing","Employee","bachelor","Married","11","171","1","2765","9","110","108"
"518","36","Male","Marketing","Employee","bachelor","Single","10","170","5","2750","72","132","99"
"519","41","Female","Marketing","Employee","high school","Married","7","167","19","2905","16","103","104"
"520","51","Female","Marketing","Employee","high school","Married","11","171","12","2965","18","119","124"
"521","43","Male","Marketing","Employee","bachelor","Single","9","169","0","2735","25","100","114"
"522","49","Female","Marketing","Employee","high school","Single","9","169","10","2935","26","122","118"
"523","36","Male","Marketing","Employee","high school","Single","10","170","0","2750","76","121","98"
"524","37","Male","Marketing","Employee","high school","Single","9","169","4","2735","73","127","93"
"525","42","Female","Marketing","Employee","master","Married","9","169","2","2735","14","113","120"
"526","40","Male","Marketing","Employee","high school","Married","9","169","13","2935","17","113","122"
"527","48","Male","Marketing","Employee","bachelor","Married","10","170","21","2950","3","98","115"
"528","43","Female","Marketing","Employee","bachelor","Single","9","169","19","2935","25","116","125"
"529","40","Female","Marketing","Employee","bachelor","Married","11","171","14","2965","9","124","133"
"530","41","Female","Marketing","Employee","high school","Married","9","169","5","2735","2","88","109"
"531","45","Female","Marketing","Employee","bachelor","Married","9","169","20","2935","11","106","119"
"532","35","Male","Marketing","Employee","high school","Single","9","169","15","2935","75","124","93"
"533","53","Male","Marketing","Employee","high school","Married","9","169","28","2935","9","93","108"
"534","41","Female","Marketing","Employee","high school","Married","10","170","13","2950","0","101","101"
"535","52","Male","Marketing","Employee","high school","Married","10","170","15","2950","16","87","96"
"536","47","Female","Marketing","Employee","bachelor","Married","9","169","15","2935","5","110","120"
"537","34","Female","Marketing","Employee","bachelor","Married","11","171","8","2965","12","118","115"
"538","45","Male","Marketing","Employee","bachelor","Married","10","170","18","2950","1","99","114"
"539","28","Female","Marketing","Employee","bachelor","Single","10","170","0","2750","74","135","99"
"540","37","Female","Marketing","Employee","bachelor","Married","9","169","0","2735","7","103","112"
"541","44","Female","Marketing","Employee","bachelor","Married","9","169","4","2735","10","99","106"
"542","43","Female","Marketing","Employee","master","Married","10","170","4","2750","3","115","118"
"543","37","Male","Marketing","Employee","bachelor","Married","9","169","3","2735","6","108","118"
"544","52","Female","Marketing","Employee","master","Single","11","171","7","2765","25","129","129"
"545","41","Female","Marketing","Employee","high school","Married","9","169","18","2935","3","115","124"
"546","51","Female","Marketing","Employee","high school","Married","7","167","16","2905","3","116","121"
"547","40","Male","Marketing","Employee","bachelor","Married","11","171","10","2965","4","101","111"
"548","44","Male","Marketing","Employee","bachelor","Married","10","170","11","2950","17","114","114"
"549","57","Male","Marketing","Employee","high school","Married","8","168","37","2920","6","99","113"
"550","54","Female","Marketing","Employee","doctor","Married","9","169","13","2935","17","101","102"
"551","48","Female","Marketing","Employee","master","Married","9","169","0","2735","15","105","110"
"552","38","Female","Marketing","Employee","high school","Single","9","169","1","2735","84","134","90"
"553","48","Female","Marketing","Employee","bachelor","Married","9","169","14","2935","1","101","114"
"554","47","Female","HR","Executive Manager","high school","Married","4","164","21","8180","52","111","102"
"555","49","Female","HR","Manager","high school","Married","1","161","16","5430","65","140","107"
"556","39","Female","HR","Manager","master","Married","1","161","12","5430","50","130","110"
"557","42","Female","HR","Manager","doctor","Married","1","161","9","5430","58","118","96"
"558","39","Female","HR","Manager","bachelor","Single","1","161","6","5230","91","137","99"
"559","48","Male","HR","Manager","doctor","Single","2","162","20","5460","89","126","84"
"560","49","Female","HR","Manager","bachelor","Single","1","161","6","5230","95","128","92"
"561","38","Male","HR","Manager","high school","Married","2","162","15","5460","60","115","88"
"562","50","Female","HR","Manager","high school","Married","1","161","6","5230","66","130","105"
"563","47","Female","HR","Manager","high school","Single","1","161","8","5430","85","131","86"
"564","40","Female","HR","Manager","high school","Married","2","162","15","5460","57","118","104"
"565","36","Male","HR","Manager","high school","Married","2","162","16","5460","59","140","113"
"566","40","Male","HR","Manager","high school","Single","1","161","2","5230","87","124","86"
"567","38","Female","HR","Manager","high school","Single","2","162","16","5460","97","132","94"
"568","50","Female","HR","Manager","doctor","Married","1","161","8","5430","64","113","91"
"569","39","Female","HR","Manager","master","Married","2","162","14","5460","62","129","98"
"570","48","Male","HR","Manager","bachelor","Married","1","161","15","5430","53","118","101"
"571","40","Female","HR","Manager","high school","Married","2","162","0","5260","68","121","99"
"572","52","Female","HR","Manager","high school","Married","2","162","28","5460","60","128","95"
"573","42","Male","HR","Manager","high school","Single","1","161","21","5430","99","142","94"
"574","41","Female","HR","Manager","master","Married","2","162","6","5260","53","108","99"
"575","45","Female","HR","Manager","bachelor","Married","1","161","9","5430","50","119","104"
"576","45","Male","HR","Manager","bachelor","Married","1","161","22","5430","64","112","93"
"577","51","Male","HR","Manager","bachelor","Single","1","161","23","5430","90","135","95"
"578","46","Female","HR","Manager","bachelor","Married","2","162","9","5460","58","129","107"
"579","35","Female","HR","Manager","bachelor","Single","1","161","12","5430","92","133","94"
"580","47","Female","HR","Manager","bachelor","Married","1","161","18","5430","58","114","95"
"581","39","Female","HR","Manager","bachelor","Married","2","162","4","5260","67","140","101"
"582","43","Male","HR","Manager","master","Married","1","161","2","5230","53","111","105"
"583","53","Male","HR","Manager","high school","Married","1","161","9","5430","63","120","105"
"584","56","Male","HR","Employee","high school","Married","0","150","19","2700","52","122","93"
"585","41","Female","HR","Employee","master","Married","0","146","2","2460","66","113","100"
"586","39","Male","HR","Employee","high school","Single","0","147","2","2470","33","107","96"
"587","54","Male","HR","Employee","doctor","Married","0","141","9","2610","69","120","97"
"588","39","Female","HR","Employee","master","Married","0","148","1","2480","59","121","97"
"589","52","Female","HR","Employee","bachelor","Married","0","146","14","2660","54","111","107"
"590","53","Female","HR","Employee","bachelor","Married","0","142","14","2620","51","110","101"
"591","38","Male","HR","Employee","master","Married","0","150","1","2500","56","125","101"
"592","41","Female","HR","Employee","bachelor","Married","0","144","10","2640","50","122","113"
"593","51","Female","HR","Employee","high school","Married","0","151","30","2710","63","114","82"
"594","32","Female","HR","Employee","bachelor","Married","0","152","5","2520","62","131","111"
"595","47","Female","HR","Employee","high school","Married","0","156","25","2760","56","105","90"
"596","54","Female","HR","Employee","high school","Married","0","149","18","2690","68","132","98"
"597","29","Female","HR","Employee","bachelor","Single","0","148","2","2480","44","113","102"
"598","41","Female","HR","Employee","high school","Married","0","144","2","2440","65","136","117"
"599","51","Male","HR","Employee","bachelor","Married","0","143","26","2630","57","104","94"
"600","47","Female","HR","Employee","high school","Married","0","154","11","2740","59","146","118"
"601","36","Male","HR","Employee","doctor","Married","0","145","7","2450","54","116","108"
"602","38","Female","HR","Employee","bachelor","Married","0","146","7","2460","63","120","100"
"603","47","Male","HR","Employee","master","Married","0","144","10","2640","52","135","109"
"604","36","Male","HR","Employee","bachelor","Married","0","154","1","2540","66","137","99"
"605","31","Female","HR","Employee","master","Single","0","143","3","2430","44","122","105"
"606","48","Male","HR","Employee","high school","Married","0","149","24","2690","52","119","101"
"607","50","Female","HR","Employee","high school","Single","0","150","0","2500","33","103","107"
"608","45","Female","HR","Employee","doctor","Married","0","148","4","2480","56","141","115"
"609","36","Female","HR","Employee","high school","Married","0","143","5","2430","61","129","104"
"610","46","Female","HR","Employee","master","Married","0","155","20","2750","60","124","111"
"611","33","Female","HR","Employee","doctor","Married","0","158","2","2580","58","115","91"
"612","42","Male","HR","Employee","master","Single","0","146","11","2660","48","123","110"
"613","57","Male","HR","Employee","master","Married","0","147","11","2670","67","140","117"
"614","48","Female","HR","Employee","bachelor","Married","0","151","17","2710","62","119","101"
"615","37","Male","HR","Employee","high school","Married","0","154","2","2540","56","119","103"
"616","43","Male","HR","Employee","high school","Married","0","146","11","2660","53","105","103"
"617","44","Female","HR","Employee","master","Married","0","142","18","2620","61","106","91"
"618","49","Male","HR","Employee","doctor","Married","0","145","2","2450","61","121","100"
"619","43","Female","HR","Employee","master","Married","0","147","9","2670","53","96","89"
"620","50","Male","HR","Employee","bachelor","Single","0","147","9","2670","46","137","114"
"621","55","Male","HR","Employee","bachelor","Married","0","151","31","2710","54","126","110"
"622","39","Female","HR","Employee","bachelor","Married","0","152","6","2520","67","134","103"
"623","45","Female","HR","Employee","bachelor","Single","0","148","22","2680","39","108","100"
"624","40","Female","HR","Employee","high school","Married","0","152","6","2520","50","113","97"
"625","40","Male","HR","Employee","bachelor","Single","0","145","4","2450","46","121","102"
"626","38","Male","HR","Employee","master","Married","0","150","5","2500","53","123","102"
"627","38","Female","HR","Employee","high school","Married","0","140","12","2600","50","106","87"
"628","51","Female","HR","Employee","high school","Single","0","149","25","2690","31","101","95"
"629","58","Female","HR","Employee","high school","Married","0","149","24","2690","51","120","103"
"630","50","Male","HR","Employee","high school","Single","0","151","6","2510","34","114","114"
"631","57","Female","HR","Employee","bachelor","Single","0","150","27","2700","47","112","101"
"632","48","Female","HR","Employee","bachelor","Single","0","149","20","2690","44","105","92"
"633","51","Female","HR","Employee","bachelor","Married","0","147","22","2670","62","131","116"
"634","50","Male","HR","Employee","bachelor","Married","0","152","21","2720","69","123","114"
"635","59","Female","HR","Employee","bachelor","Single","0","151","11","2710","32","96","97"
"636","41","Male","HR","Employee","bachelor","Married","0","151","18","2710","61","116","100"
"637","51","Female","HR","Employee","high school","Single","0","146","10","2660","40","107","103"
"638","35","Male","HR","Employee","high school","Single","0","152","8","2720","32","102","108"
"639","35","Female","HR","Employee","bachelor","Single","0","147","11","2670","30","101","104"
"640","49","Female","HR","Employee","bachelor","Married","0","148","19","2680","53","107","96"
"641","52","Male","HR","Employee","high school","Married","0","145","18","2650","60","123","101"
"642","38","Female","HR","Employee","bachelor","Single","0","157","7","2570","43","120","111"
"643","35","Male","HR","Employee","bachelor","Single","0","149","0","2490","39","118","116"
"644","41","Female","HR","Employee","high school","Single","0","148","12","2680","31","124","122"
"645","50","Female","HR","Employee","bachelor","Single","0","150","3","2500","43","103","97"
"646","62","Male","HR","Employee","high school","Married","0","148","7","2480","50","122","101"
"647","52","Female","HR","Employee","high school","Single","0","144","25","2640","47","123","109"
"648","51","Female","HR","Employee","high school","Married","0","147","24","2670","50","112","95"
"649","25","Male","HR","Employee","bachelor","Single","0","150","2","2500","31","122","116"
"650","44","Male","HR","Employee","bachelor","Married","0","148","20","2680","52","128","110"
"651","44","Male","HR","Employee","doctor","Married","0","158","13","2780","67","121","90"
"652","47","Female","HR","Employee","bachelor","Single","0","153","6","2530","48","122","104"
"653","37","Female","HR","Employee","bachelor","Married","0","147","5","2470","55","103","91"
"654","57","Female","HR","Employee","high school","Married","0","150","26","2700","58","120","91"
"655","54","Female","HR","Employee","bachelor","Married","0","142","14","2620","55","121","96"
"656","40","Male","HR","Employee","bachelor","Married","0","155","15","2750","68","137","105"
"657","44","Male","HR","Employee","bachelor","Married","0","146","3","2460","69","120","102"
"658","52","Male","HR","Employee","high school","Single","0","146","18","2660","38","112","107"
"659","36","Female","HR","Employee","high school","Married","0","157","3","2570","56","112","91"
"660","49","Male","HR","Employee","high school","Married","0","153","26","2730","50","116","100"
"661","44","Female","HR","Employee","high school","Married","0","154","18","2740","52","105","94"
"662","36","Male","HR","Employee","bachelor","Single","0","156","11","2760","44","108","90"
"663","54","Male","HR","Employee","high school","Single","0","156","24","2760","46","119","100"
"664","55","Female","HR","Employee","high school","Single","0","149","6","2490","44","121","106"
"665","59","Male","HR","Employee","high school","Married","0","150","10","2700","57","122","93"
"666","57","Male","HR","Employee","high school","Single","0","145","4","2450","40","114","101"
"667","43","Male","HR","Employee","doctor","Married","0","144","3","2440","50","123","106"
"668","52","Female","HR","Employee","bachelor","Single","0","149","27","2690","48","136","115"
"669","39","Female","HR","Employee","bachelor","Single","0","159","9","2790","30","101","112"
"670","45","Male","HR","Employee","high school","Married","0","149","20","2690","51","127","116"
"671","59","Female","HR","Employee","high school","Married","0","148","11","2680","54","127","113"
"672","46","Male","HR","Employee","bachelor","Married","0","149","1","2490","51","116","96"
"673","40","Female","HR","Employee","master","Single","0","159","4","2590","47","127","105"
"674","41","Female","HR","Employee","bachelor","Married","0","153","6","2530","51","131","114"
"675","45","Female","HR","Employee","high school","Married","0","151","5","2510","60","99","85"
"676","52","Female","HR","Employee","high school","Married","0","158","28","2780","64","120","97"
"677","45","Female","HR","Employee","bachelor","Single","0","153","14","2730","32","121","111"
"678","28","Female","HR","Employee","high school","Married","0","154","0","2540","57","114","101"
"679","41","Male","HR","Employee","high school","Married","0","141","18","2610","54","113","102"
"680","53","Male","HR","Employee","high school","Married","0","153","31","2730","65","112","100"
"681","40","Male","HR","Employee","bachelor","Married","0","151","11","2710","61","132","113"
"682","57","Female","HR","Employee","high school","Married","0","148","5","2480","64","118","94"
"683","35","Female","HR","Employee","high school","Married","0","143","9","2630","52","130","115"
"684","47","Male","HR","Employee","high school","Married","0","143","27","2630","68","134","108"
"685","47","Female","HR","Employee","high school","Married","0","157","22","2770","51","119","111"
"686","62","Female","HR","Employee","high school","Married","0","145","23","2650","58","130","109"
"687","57","Female","HR","Employee","master","Married","0","142","28","2620","54","115","102"
"688","44","Female","HR","Employee","high school","Single","0","145","18","2650","33","107","99"
"689","36","Male","HR","Employee","high school","Married","0","150","13","2700","65","119","87"
"690","27","Female","HR","Employee","master","Single","0","158","1","2580","37","89","102"
"691","51","Male","HR","Employee","high school","Married","0","152","2","2520","65","117","93"
"692","53","Male","HR","Employee","doctor","Married","0","145","18","2650","68","112","93"
"693","46","Male","HR","Employee","high school","Married","0","149","4","2490","64","115","91"
"694","56","Male","HR","Employee","master","Single","0","155","29","2750","48","116","105"
"695","42","Female","HR","Employee","high school","Married","0","143","9","2630","58","131","107"
"696","48","Female","HR","Employee","high school","Single","0","143","0","2430","37","119","116"
"697","58","Male","HR","Employee","high school","Single","0","142","33","2620","45","119","101"
"698","44","Female","HR","Employee","bachelor","Single","0","148","6","2480","45","119","114"
"699","58","Female","HR","Employee","master","Married","0","148","7","2480","50","110","99"
"700","45","Female","HR","Employee","bachelor","Married","0","149","20","2690","68","119","88"
"701","37","Female","HR","Employee","high school","Married","0","154","15","2740","58","136","119"
"702","55","Female","HR","Employee","high school","Married","0","157","0","2570","50","115","101"
"703","37","Male","HR","Employee","high school","Married","0","159","14","2790","65","131","95"
"704","52","Female","Sales","Executive Manager","high school","Single","27","187","8","9215","22","120","114"
"705","42","Male","Sales","Manager","doctor","Married","21","181","8","6030","8","121","120"
"706","47","Male","Sales","Manager","high school","Married","19","179","18","5970","7","102","113"
"707","50","Female","Sales","Manager","high school","Married","20","180","20","6000","6","100","111"
"708","50","Male","Sales","Manager","bachelor","Married","21","181","11","6030","13","107","111"
"709","35","Female","Sales","Manager","bachelor","Married","18","178","11","5940","4","97","115"
"710","44","Male","Sales","Manager","high school","Married","18","178","20","5940","8","103","108"
"711","47","Male","Sales","Manager","high school","Married","20","180","22","6000","4","101","108"
"712","39","Female","Sales","Manager","doctor","Married","20","180","4","5800","9","98","114"
"713","37","Female","Sales","Manager","master","Married","20","180","4","5800","9","99","113"
"714","48","Female","Sales","Manager","bachelor","Married","20","180","17","6000","13","112","120"
"715","43","Female","Sales","Manager","high school","Married","19","179","12","5970","0","114","117"
"716","47","Female","Sales","Manager","high school","Married","17","177","8","5910","8","115","118"
"717","47","Male","Sales","Manager","bachelor","Married","18","178","13","5940","11","97","102"
"718","43","Female","Sales","Manager","high school","Married","18","178","7","5740","1","102","120"
"719","33","Female","Sales","Manager","bachelor","Married","17","177","3","5710","5","96","113"
"720","33","Male","Sales","Manager","high school","Married","21","181","0","5830","19","97","117"
"721","46","Male","Sales","Manager","master","Married","20","180","10","6000","8","104","120"
"722","49","Female","Sales","Manager","master","Married","20","180","21","6000","4","93","106"
"723","48","Female","Sales","Manager","high school","Married","19","179","8","5970","8","101","116"
"724","38","Female","Sales","Manager","doctor","Married","18","178","2","5740","4","89","107"
"725","57","Male","Sales","Manager","master","Married","19","179","29","5970","4","107","116"
"726","56","Male","Sales","Manager","bachelor","Married","19","179","3","5770","16","118","112"
"727","56","Male","Sales","Manager","master","Single","19","179","26","5970","27","116","110"
"728","53","Female","Sales","Manager","high school","Married","18","178","21","5940","7","92","109"
"729","52","Male","Sales","Manager","master","Single","21","181","1","5830","22","117","122"
"730","43","Male","Sales","Manager","high school","Married","20","180","12","6000","1","118","113"
"731","37","Female","Sales","Manager","high school","Single","20","180","6","5800","83","129","84"
"732","44","Female","Sales","Manager","high school","Married","18","178","13","5940","1","82","105"
"733","56","Female","Sales","Manager","high school","Married","20","180","20","6000","8","95","105"
"734","35","Male","Sales","Employee","master","Married","12","172","7","2780","5","120","132"
"735","58","Male","Sales","Employee","high school","Married","9","169","32","2935","2","108","124"
"736","49","Male","Sales","Employee","high school","Married","10","170","23","2950","16","117","110"
"737","42","Male","Sales","Employee","bachelor","Married","9","169","15","2935","11","104","116"
"738","55","Male","Sales","Employee","bachelor","Married","11","171","23","2965","10","109","118"
"739","46","Female","Sales","Employee","high school","Single","9","169","7","2735","21","104","102"
"740","44","Male","Sales","Employee","bachelor","Single","8","168","6","2720","26","115","108"
"741","47","Male","Sales","Employee","high school","Married","9","169","6","2735","16","111","120"
"742","41","Female","Sales","Employee","high school","Married","9","169","15","2935","11","120","120"
"743","40","Female","Sales","Employee","high school","Married","10","170","3","2750","10","125","126"
"744","50","Female","Sales","Employee","bachelor","Single","11","171","14","2965","21","106","112"
"745","60","Male","Sales","Employee","high school","Married","10","170","8","2950","3","110","119"
"746","53","Male","Sales","Employee","high school","Single","9","169","25","2935","26","100","98"
"747","53","Female","Sales","Employee","high school","Married","9","169","22","2935","12","105","110"
"748","56","Male","Sales","Employee","bachelor","Married","9","169","1","2735","5","107","120"
"749","54","Female","Sales","Employee","high school","Single","8","168","8","2920","29","106","108"
"750","45","Female","Sales","Employee","master","Married","10","170","11","2950","6","100","101"
"751","51","Female","Sales","Employee","high school","Married","8","168","23","2920","7","81","98"
"752","53","Male","Sales","Employee","bachelor","Single","12","172","25","2980","22","117","119"
"753","47","Female","Sales","Employee","master","Married","10","170","6","2750","7","105","114"
"754","56","Male","Sales","Employee","high school","Married","9","169","9","2935","2","102","117"
"755","53","Male","Sales","Employee","high school","Single","9","169","6","2735","28","118","117"
"756","45","Female","Sales","Employee","high school","Married","8","168","16","2920","0","105","104"
"757","42","Male","Sales","Employee","high school","Married","11","171","10","2965","1","121","128"
"758","52","Male","Sales","Employee","high school","Married","9","169","29","2935","19","118","110"
"759","47","Female","Sales","Employee","high school","Single","8","168","17","2920","24","97","97"
"760","46","Female","Sales","Employee","high school","Married","9","169","2","2735","3","94","91"
"761","49","Female","Sales","Employee","high school","Married","9","169","10","2935","6","103","102"
"762","51","Male","Sales","Employee","high school","Single","9","169","23","2935","23","99","107"
"763","55","Male","Sales","Employee","master","Married","9","169","5","2735","7","106","112"
"764","52","Male","Sales","Employee","bachelor","Married","11","171","0","2765","5","83","101"
"765","49","Male","Sales","Employee","high school","Single","10","170","11","2950","26","116","117"
"766","39","Male","Sales","Employee","doctor","Single","10","170","11","2950","73","131","100"
"767","22","Male","Sales","Employee","high school","Single","8","168","1","2720","76","121","98"
"768","45","Male","Sales","Employee","master","Married","7","167","16","2905","19","106","112"
"769","45","Male","Sales","Employee","bachelor","Married","10","170","7","2750","2","112","120"
"770","46","Male","Sales","Employee","high school","Married","11","171","20","2965","11","108","106"
"771","41","Female","Sales","Employee","bachelor","Married","10","170","4","2750","18","94","103"
"772","32","Male","Sales","Employee","bachelor","Single","9","169","3","2735","78","124","93"
"773","31","Female","Sales","Employee","bachelor","Married","10","170","8","2950","7","110","114"
"774","42","Female","Sales","Employee","master","Married","10","170","12","2950","5","91","105"
"775","38","Female","Sales","Employee","master","Married","10","170","11","2950","1","96","116"
"776","42","Female","Sales","Employee","master","Single","10","170","8","2950","20","102","102"
"777","34","Female","Sales","Employee","bachelor","Single","9","169","11","2935","81","125","94"
"778","49","Male","Sales","Employee","high school","Married","10","170","7","2750","3","104","116"
"779","44","Female","Sales","Employee","master","Single","8","168","14","2920","22","118","115"
"780","45","Male","Sales","Employee","high school","Married","8","168","22","2920","0","105","117"
"781","38","Male","Sales","Employee","master","Married","10","170","10","2950","18","104","112"
"782","57","Male","Sales","Employee","high school","Married","8","168","15","2920","2","88","110"
"783","55","Female","Sales","Employee","high school","Married","7","167","30","2905","9","121","132"
"784","30","Female","Sales","Employee","master","Single","9","169","5","2735","76","132","101"
"785","50","Female","Sales","Employee","bachelor","Married","11","171","24","2965","11","110","118"
"786","37","Female","Sales","Employee","high school","Married","9","169","16","2935","12","104","110"
"787","60","Female","Sales","Employee","high school","Married","10","170","11","2950","7","107","117"
"788","34","Female","Sales","Employee","high school","Single","10","170","3","2750","79","143","108"
"789","30","Male","Sales","Employee","high school","Single","8","168","3","2720","76","114","92"
"790","20","Female","Sales","Employee","high school","Single","9","169","0","2735","84","128","96"
"791","39","Female","Sales","Employee","bachelor","Married","10","170","12","2950","8","103","115"
"792","34","Male","Sales","Employee","master","Married","8","168","4","2720","11","95","102"
"793","40","Male","Sales","Employee","high school","Married","9","169","11","2935","15","76","94"
"794","42","Female","Sales","Employee","bachelor","Married","8","168","16","2920","2","107","111"
"795","48","Female","Sales","Employee","high school","Married","10","170","24","2950","15","110","110"
"796","40","Female","Sales","Employee","high school","Single","7","167","11","2905","88","123","89"
"797","56","Male","Sales","Employee","high school","Married","10","170","35","2950","14","103","108"
"798","54","Female","Sales","Employee","bachelor","Single","9","169","27","2935","28","117","121"
"799","35","Male","Sales","Employee","high school","Married","10","170","6","2750","1","103","112"
"800","42","Male","Sales","Employee","high school","Single","9","169","18","2935","25","97","99"
"801","37","Male","Sales","Employee","high school","Single","8","168","12","2920","78","115","88"
"802","44","Male","Sales","Employee","master","Single","10","170","5","2750","29","109","103"
"803","48","Female","Sales","Employee","master","Married","11","171","22","2965","7","95","110"
"804","41","Male","Sales","Employee","doctor","Married","8","168","8","2920","12","109","116"
"805","42","Male","Sales","Employee","bachelor","Single","10","170","9","2950","24","102","107"
"806","50","Male","Sales","Employee","bachelor","Married","11","171","2","2765","17","112","113"
"807","43","Female","Sales","Employee","high school","Married","10","170","15","2950","2","94","102"
"808","51","Male","Sales","Employee","master","Single","8","168","14","2920","23","119","109"
"809","37","Female","Sales","Employee","bachelor","Married","9","169","13","2935","3","113","135"
"810","42","Female","Sales","Employee","high school","Married","10","170","7","2750","16","105","114"
"811","49","Male","Sales","Employee","high school","Married","10","170","20","2950","1","115","125"
"812","51","Male","Sales","Employee","master","Single","12","172","8","2980","27","121","123"
"813","49","Male","Sales","Employee","master","Married","10","170","6","2750","2","90","115"
"814","56","Female","Sales","Employee","high school","Married","8","168","20","2920","0","102","114"
"815","42","Female","Sales","Employee","bachelor","Single","8","168","12","2920","20","111","111"
"816","43","Male","Sales","Employee","bachelor","Single","8","168","18","2920","20","113","116"
"817","49","Male","Sales","Employee","master","Married","9","169","6","2735","15","105","116"
"818","26","Male","Sales","Employee","master","Single","10","170","1","2750","76","135","108"
"819","45","Female","Sales","Employee","high school","Single","10","170","17","2950","21","97","112"
"820","47","Male","Sales","Employee","master","Single","8","168","1","2720","27","120","115"
"821","48","Male","Sales","Employee","master","Married","10","170","14","2950","19","120","112"
"822","40","Male","Sales","Employee","bachelor","Married","10","170","8","2950","19","113","124"
"823","54","Male","Sales","Employee","high school","Single","10","170","17","2950","20","116","119"
"824","42","Male","Sales","Employee","doctor","Single","9","169","12","2935","27","106","115"
"825","42","Male","Sales","Employee","doctor","Single","9","169","13","2935","26","118","106"
"826","34","Female","Sales","Employee","bachelor","Single","10","170","5","2750","73","116","86"
"827","43","Female","Sales","Employee","master","Married","9","169","7","2735","13","105","103"
"828","43","Male","Sales","Employee","high school","Married","10","170","3","2750","11","107","116"
"829","33","Male","Sales","Employee","bachelor","Single","10","170","2","2750","83","123","92"
"830","53","Male","Sales","Employee","bachelor","Single","9","169","14","2935","23","113","108"
"831","56","Male","Sales","Employee","high school","Married","10","170","16","2950","18","113","120"
"832","42","Female","Sales","Employee","master","Married","9","169","13","2935","8","102","116"
"833","33","Male","Sales","Employee","high school","Married","10","170","8","2950","7","114","122"
"834","50","Male","Sales","Employee","master","Single","11","171","23","2965","25","99","95"
"835","38","Male","Sales","Employee","high school","Married","11","171","8","2965","19","118","123"
"836","47","Male","Sales","Employee","bachelor","Married","9","169","3","2735","12","98","117"
"837","55","Female","Sales","Employee","high school","Married","10","170","14","2950","1","99","110"
"838","43","Female","Sales","Employee","high school","Married","10","170","7","2750","9","78","101"
"839","46","Male","Sales","Employee","master","Married","10","170","8","2950","11","115","128"
"840","43","Female","Sales","Employee","bachelor","Married","11","171","9","2965","0","98","121"
"841","49","Female","Sales","Employee","master","Married","11","171","0","2765","19","98","101"
"842","66","Female","Sales","Employee","high school","Married","9","169","4","2735","15","101","95"
"843","38","Male","Sales","Employee","doctor","Single","9","169","1","2735","76","130","103"
"844","44","Female","Sales","Employee","bachelor","Single","8","168","12","2920","25","109","104"
"845","48","Female","Sales","Employee","high school","Single","9","169","5","2735","25","120","121"
"846","55","Female","Sales","Employee","high school","Married","9","169","5","2735","5","98","117"
"847","47","Male","Sales","Employee","bachelor","Married","8","168","10","2920","18","104","100"
"848","42","Male","Sales","Employee","high school","Married","10","170","13","2950","11","98","111"
"849","40","Female","Sales","Employee","bachelor","Married","10","170","9","2950","3","106","119"
"850","41","Male","Sales","Employee","high school","Married","8","168","8","2920","2","111","124"
"851","50","Male","Sales","Employee","doctor","Married","7","167","22","2905","17","91","101"
"852","48","Male","Sales","Employee","high school","Married","10","170","27","2950","16","86","102"
"853","42","Female","Sales","Employee","high school","Single","11","171","17","2965","29","95","103"
"854","36","Male","Accounting","Executive Manager","master","Married","3","163","1","7935","64","116","105"
"855","42","Male","Accounting","Manager","master","Single","1","161","12","5430","100","144","95"
"856","52","Male","Accounting","Manager","high school","Married","1","161","8","5430","65","127","99"
"857","42","Female","Accounting","Manager","bachelor","Married","2","162","10","5460","63","122","101"
"858","54","Female","Accounting","Manager","bachelor","Married","1","161","8","5430","52","117","98"
"859","37","Male","Accounting","Manager","bachelor","Single","1","161","11","5430","95","141","101"
"860","51","Female","Accounting","Manager","bachelor","Married","1","161","9","5430","69","123","99"
"861","38","Female","Accounting","Manager","doctor","Single","2","162","4","5260","90","140","100"
"862","37","Female","Accounting","Manager","master","Married","1","161","5","5230","50","117","101"
"863","36","Male","Accounting","Manager","master","Married","1","161","7","5230","66","117","92"
"864","44","Female","Accounting","Manager","high school","Single","1","161","7","5230","89","138","98"
"865","51","Female","Accounting","Manager","master","Married","2","162","13","5460","68","133","95"
"866","41","Male","Accounting","Manager","bachelor","Married","2","162","14","5460","54","119","105"
"867","43","Female","Accounting","Manager","high school","Married","2","162","11","5460","50","100","79"
"868","44","Female","Accounting","Manager","doctor","Married","1","161","8","5430","55","123","102"
"869","35","Female","Accounting","Manager","bachelor","Married","2","162","3","5260","65","112","86"
"870","47","Female","Accounting","Manager","high school","Married","1","161","8","5430","58","128","107"
"871","46","Male","Accounting","Manager","high school","Married","2","162","2","5260","54","116","93"
"872","43","Female","Accounting","Manager","high school","Married","1","161","4","5230","65","134","112"
"873","54","Male","Accounting","Manager","high school","Married","2","162","26","5460","57","127","108"
"874","53","Female","Accounting","Manager","high school","Single","1","161","28","5430","87","145","108"
"875","43","Female","Accounting","Manager","doctor","Married","2","162","15","5460","61","130","107"
"876","50","Female","Accounting","Manager","high school","Married","1","161","28","5430","64","124","101"
"877","56","Female","Accounting","Manager","master","Married","2","162","25","5460","57","111","82"
"878","42","Female","Accounting","Manager","master","Single","2","162","10","5460","93","149","107"
"879","45","Male","Accounting","Manager","high school","Married","1","161","24","5430","56","121","99"
"880","27","Male","Accounting","Manager","high school","Single","1","161","1","5230","87","139","107"
"881","49","Male","Accounting","Manager","high school","Married","1","161","14","5430","66","130","115"
"882","43","Female","Accounting","Manager","high school","Married","1","161","3","5230","55","114","97"
"883","53","Female","Accounting","Manager","bachelor","Married","1","161","23","5430","68","130","113"
"884","40","Female","Accounting","Employee","high school","Single","0","142","7","2420","32","101","89"
"885","31","Female","Accounting","Employee","master","Married","0","149","6","2490","51","116","102"
"886","42","Male","Accounting","Employee","doctor","Single","0","155","3","2550","45","120","104"
"887","32","Female","Accounting","Employee","high school","Married","0","150","4","2500","64","122","105"
"888","45","Female","Accounting","Employee","master","Single","0","151","7","2510","32","104","108"
"889","43","Female","Accounting","Employee","doctor","Married","0","143","9","2630","60","115","102"
"890","48","Female","Accounting","Employee","bachelor","Married","0","143","16","2630","52","124","116"
"891","49","Male","Accounting","Employee","bachelor","Single","0","147","19","2670","34","128","106"
"892","40","Male","Accounting","Employee","master","Married","0","152","13","2720","68","124","107"
"893","48","Female","Accounting","Employee","bachelor","Married","0","146","0","2460","58","117","98"
"894","49","Male","Accounting","Employee","high school","Married","0","143","27","2630","65","120","90"
"895","48","Female","Accounting","Employee","master","Single","0","142","5","2420","47","118","104"
"896","38","Female","Accounting","Employee","master","Single","0","142","4","2420","41","120","107"
"897","43","Female","Accounting","Employee","high school","Married","0","148","22","2680","63","120","95"
"898","36","Female","Accounting","Employee","high school","Single","0","149","7","2490","47","114","109"
"899","47","Female","Accounting","Employee","bachelor","Single","0","152","6","2520","31","115","106"
"900","44","Female","Accounting","Employee","master","Single","0","145","16","2650","43","118","94"
"901","48","Female","Accounting","Employee","high school","Married","0","148","23","2680","60","123","101"
"902","42","Male","Accounting","Employee","master","Married","0","155","7","2550","64","123","97"
"903","52","Female","Accounting","Employee","high school","Married","0","152","16","2720","60","116","103"
"904","33","Male","Accounting","Employee","high school","Single","0","152","9","2720","46","105","91"
"905","38","Male","Accounting","Employee","master","Single","0","158","6","2580","48","113","99"
"906","46","Male","Accounting","Employee","bachelor","Married","0","153","17","2730","68","116","95"
"907","36","Female","Accounting","Employee","master","Single","0","153","0","2530","41","106","102"
"908","47","Female","Accounting","Employee","doctor","Married","0","152","11","2720","56","119","95"
"909","29","Female","Accounting","Employee","high school","Married","0","153","6","2530","63","123","96"
"910","48","Male","Accounting","Employee","high school","Married","0","150","12","2700","51","117","99"
"911","41","Male","Accounting","Employee","high school","Married","0","154","3","2540","55","121","99"
"912","43","Female","Accounting","Employee","high school","Married","0","143","15","2630","59","101","95"
"913","45","Female","Accounting","Employee","high school","Single","0","146","23","2660","34","109","100"
"914","51","Male","Accounting","Employee","high school","Married","0","150","21","2700","63","134","102"
"915","57","Female","Accounting","Employee","master","Single","0","148","18","2680","42","121","114"
"916","52","Female","Accounting","Employee","high school","Single","0","145","31","2650","41","107","103"
"917","37","Female","Accounting","Employee","bachelor","Single","0","148","1","2480","44","114","108"
"918","45","Male","Accounting","Employee","high school","Married","0","146","10","2660","61","119","97"
"919","34","Female","Accounting","Employee","bachelor","Married","0","159","9","2790","62","131","107"
"920","49","Male","Accounting","Employee","high school","Married","0","148","23","2680","55","125","104"
"921","41","Male","Accounting","Employee","high school","Single","0","144","2","2440","46","134","109"
"922","51","Female","Accounting","Employee","high school","Single","0","148","12","2680","34","118","108"
"923","44","Female","Accounting","Employee","master","Married","0","155","10","2750","58","106","86"
"924","45","Female","Accounting","Employee","high school","Married","0","159","19","2790","62","124","105"
"925","48","Male","Accounting","Employee","bachelor","Married","0","149","18","2690","63","112","96"
"926","43","Female","Accounting","Employee","master","Married","0","147","14","2670","68","130","105"
"927","35","Female","Accounting","Employee","doctor","Single","0","154","2","2540","36","103","104"
"928","53","Female","Accounting","Employee","master","Married","0","143","1","2430","58","128","105"
"929","45","Female","Accounting","Employee","high school","Single","0","152","15","2720","38","108","85"
"930","35","Female","Accounting","Employee","bachelor","Married","0","148","11","2680","61","130","112"
"931","39","Female","Accounting","Employee","high school","Single","0","147","6","2470","49","108","96"
"932","39","Female","Accounting","Employee","bachelor","Married","0","143","9","2630","61","136","109"
"933","39","Female","Accounting","Employee","doctor","Married","0","156","9","2760","54","110","97"
"934","41","Female","Accounting","Employee","high school","Married","0","151","5","2510","59","122","108"
"935","50","Female","Accounting","Employee","bachelor","Single","0","156","1","2560","48","102","94"
"936","58","Male","Accounting","Employee","bachelor","Married","0","152","7","2520","53","118","102"
"937","43","Male","Accounting","Employee","bachelor","Single","0","155","13","2750","37","139","121"
"938","41","Male","Accounting","Employee","master","Married","0","156","5","2560","61","128","103"
"939","41","Female","Accounting","Employee","high school","Married","0","143","10","2630","69","138","103"
"940","52","Female","Accounting","Employee","master","Married","0","159","6","2590","63","131","106"
"941","52","Male","Accounting","Employee","bachelor","Single","0","143","18","2630","45","110","110"
"942","52","Female","Accounting","Employee","high school","Single","0","156","31","2760","36","122","110"
"943","40","Male","Accounting","Employee","doctor","Single","0","145","9","2650","43","98","94"
"944","52","Female","Accounting","Employee","high school","Single","0","152","20","2720","46","122","95"
"945","36","Female","Accounting","Employee","bachelor","Married","0","145","9","2650","61","135","106"
"946","44","Male","Accounting","Employee","master","Married","0","144","19","2640","51","111","106"
"947","44","Male","Accounting","Employee","high school","Single","0","154","4","2540","45","118","109"
"948","43","Male","Accounting","Employee","master","Single","0","159","13","2790","35","112","111"
"949","47","Female","Accounting","Employee","high school","Married","0","147","6","2470","59","120","106"
"950","36","Female","Accounting","Employee","doctor","Single","0","147","2","2470","33","131","112"
"951","49","Female","Accounting","Employee","high school","Married","0","146","6","2460","66","142","116"
"952","49","Female","Accounting","Employee","doctor","Married","0","153","16","2730","62","120","90"
"953","38","Female","Accounting","Employee","bachelor","Single","0","150","9","2700","48","119","101"
"954","47","Male","Accounting","Employee","bachelor","Married","0","150","16","2700","53","113","98"
"955","40","Female","Accounting","Employee","doctor","Married","0","143","1","2430","64","104","94"
"956","43","Male","Accounting","Employee","high school","Married","0","157","17","2770","61","124","94"
"957","36","Female","Accounting","Employee","high school","Married","0","148","10","2680","60","108","88"
"958","37","Female","Accounting","Employee","doctor","Married","0","154","8","2740","57","116","88"
"959","42","Male","Accounting","Employee","high school","Married","0","148","8","2680","66","119","104"
"960","51","Female","Accounting","Employee","master","Married","0","143","17","2630","58","125","105"
"961","53","Female","Accounting","Employee","high school","Married","0","145","11","2650","60","126","102"
"962","46","Male","Accounting","Employee","master","Married","0","152","3","2520","62","125","101"
"963","44","Female","Accounting","Employee","high school","Married","0","151","0","2510","69","125","100"
"964","39","Male","Accounting","Employee","master","Married","0","157","12","2770","53","120","96"
"965","50","Female","Accounting","Employee","bachelor","Married","0","143","17","2630","52","120","112"
"966","46","Male","Accounting","Employee","high school","Married","0","154","1","2540","64","124","105"
"967","32","Female","Accounting","Employee","bachelor","Married","0","148","6","2480","50","104","89"
"968","61","Male","Accounting","Employee","high school","Married","0","149","41","2690","64","118","95"
"969","46","Male","Accounting","Employee","bachelor","Married","0","151","16","2710","53","121","101"
"970","59","Female","Accounting","Employee","bachelor","Married","0","142","7","2420","50","111","96"
"971","39","Female","Accounting","Employee","master","Single","0","146","0","2460","36","121","113"
"972","43","Male","Accounting","Employee","bachelor","Married","0","152","1","2520","50","116","98"
"973","42","Female","Accounting","Employee","high school","Married","0","156","0","2560","68","126","103"
"974","34","Female","Accounting","Employee","master","Married","0","150","8","2700","56","105","94"
"975","47","Female","Accounting","Employee","master","Married","0","153","12","2730","52","146","122"
"976","42","Female","Accounting","Employee","bachelor","Married","0","145","12","2650","67","130","94"
"977","45","Female","Accounting","Employee","master","Married","0","151","6","2510","60","127","107"
"978","47","Female","Accounting","Employee","bachelor","Married","0","154","4","2540","53","128","108"
"979","45","Male","Accounting","Employee","bachelor","Single","0","148","2","2480","38","119","107"
"980","35","Female","Accounting","Employee","high school","Single","0","146","9","2660","49","106","88"
"981","41","Male","Accounting","Employee","bachelor","Married","0","142","16","2620","51","132","120"
"982","43","Male","Accounting","Employee","bachelor","Married","0","143","0","2430","67","118","98"
"983","51","Female","Accounting","Employee","high school","Single","0","149","14","2690","40","112","101"
"984","41","Female","Accounting","Employee","bachelor","Married","0","158","4","2580","68","135","100"
"985","44","Male","Accounting","Employee","high school","Married","0","149","6","2490","50","120","104"
"986","36","Male","Accounting","Employee","master","Single","0","155","8","2750","32","117","109"
"987","46","Female","Accounting","Employee","high school","Married","0","156","17","2760","65","121","103"
"988","48","Female","Accounting","Employee","high school","Married","0","146","7","2460","67","123","93"
"989","46","Female","Accounting","Employee","bachelor","Single","0","144","6","2440","48","115","106"
"990","43","Male","Accounting","Employee","high school","Married","0","147","5","2470","64","112","96"
"991","42","Female","Accounting","Employee","high school","Single","0","155","0","2550","32","116","115"
"992","39","Female","Accounting","Employee","master","Married","0","146","8","2660","59","114","82"
"993","42","Female","Accounting","Employee","high school","Single","0","155","5","2550","35","97","101"
"994","54","Male","Accounting","Employee","high school","Married","0","146","27","2660","54","119","104"
"995","37","Female","Accounting","Employee","master","Married","0","147","11","2670","58","110","92"
"996","46","Female","Accounting","Employee","bachelor","Married","0","148","15","2680","65","129","112"
"997","34","Female","Accounting","Employee","master","Single","0","148","9","2680","41","129","113"
"998","43","Male","Accounting","Employee","high school","Married","0","146","23","2660","55","109","94"
"999","48","Female","Accounting","Employee","master","Married","0","152","6","2520","67","100","83"
"1000","47","Female","Accounting","Employee","master","Single","0","143","8","2630","38","113","99"
